
{"1":{"behavior":"blocks","spriteId":5,"name":"brickWall"},
"3":{"behavior":"empty","spriteId":6,"name":"woodFloor"},
"5":{"behavior":"empty","spriteId":7,"name":"bat"},
"6":{"behavior":"empty","spriteId":8,"name":"kumoko"},
"7":{"behavior":"empty","spriteId":9,"name":"snek"},
"8":{"behavior":"empty","spriteId":10,"name":"garfield"},
"400":{"behavior":"empty","spriteId":400,"name":"grass"},
"401":{"behavior":"empty","spriteId":401,"name":"redgrass"},
"500":{"behavior":"blocks","spriteId":500,"name":"stoneWall"},
"501":{"behavior":"blocks","spriteId":501,"name":"redStoneWall"},
"550":{"behavior":"blocks","spriteId":550,"name":"tree"},
"551":{"behavior":"blocks","spriteId":551,"name":"redTree"}}
